<?xml version="1.0" encoding="UTF-8"?>
<beans xmlns="http://www.springframework.org/schema/beans"
	xmlns:xsi="http://www.w3.org/2001/XMLSchema-instance"
	xmlns:p="http://www.springframework.org/schema/p"
	xmlns:context="http://www.springframework.org/schema/context"
	xmlns:mvc="http://www.springframework.org/schema/mvc"
	xmlns:task="http://www.springframework.org/schema/task"
	xsi:schemaLocation="
        http://www.springframework.org/schema/beans
        http://www.springframework.org/schema/beans/spring-beans-4.2.xsd
        http://www.springframework.org/schema/context
        http://www.springframework.org/schema/context/spring-context-4.2.xsd
        http://www.springframework.org/schema/mvc
        http://www.springframework.org/schema/mvc/spring-mvc-4.2.xsd
        http://www.springframework.org/schema/task
        http://www.springframework.org/schema/task/spring-task-4.2.xsd">

	<!-- 启动自动扫描 -->
	<context:component-scan
		base-package="cn.test.bookms.controller" />

	<!-- 注册MVC注解驱动 -->
	<mvc:annotation-driven />

	<!-- 静态资源可访问的设置方式 -->
	<mvc:default-servlet-handler />


	<!-- 文件上传 -->
	<bean id="multipartResolver"
		class="org.springframework.web.multipart.commons.CommonsMultipartResolver">
		<!-- 设置默认编码 -->
		<property name="defaultEncoding" value="utf-8"></property>
		<!-- 上传图片最大大小5M -->
		<property name="maxUploadSize" value="5242440"></property>
	</bean>
</beans>
