<?xml version="1.0" encoding="UTF-8"?>
<!DOCTYPE mapper PUBLIC "-//mybatis.org//DTD Mapper 3.0//EN" "http://mybatis.org/dtd/mybatis-3-mapper.dtd">
<mapper namespace="cn.test.bookms.mapper.AdminInfoMapper">
  <resultMap id="BaseResultMap" type="cn.test.bookms.entity.AdminInfo">
    <id column="aid" jdbcType="INTEGER" property="aid" />
    <result column="admin_num" jdbcType="VARCHAR" property="adminNum" />
    <result column="admin_name" jdbcType="VARCHAR" property="adminName" />
    <result column="admin_pwd" jdbcType="VARCHAR" property="adminPwd" />
    <result column="email" jdbcType="VARCHAR" property="email" />
    <result column="sex" jdbcType="VARCHAR" property="sex" />
    <result column="age" jdbcType="INTEGER" property="age" />
    <result column="idcard" jdbcType="VARCHAR" property="idcard" />
    <result column="head_img" jdbcType="VARCHAR" property="headImg" />
    <result column="is_super" jdbcType="INTEGER" property="isSuper" />
    <result column="note" jdbcType="VARCHAR" property="note" />
    <result column="is_work" jdbcType="INTEGER" property="isWork" />
  </resultMap>
  <sql id="Base_Column_List">
    aid, admin_num, admin_name, admin_pwd, email, sex, age, idcard, head_img, is_super, 
    note, is_work
  </sql>
  <select id="selectByPrimaryKey" parameterType="java.lang.Integer" resultMap="BaseResultMap">
    select 
    <include refid="Base_Column_List" />
    from admin_info
    where aid = #{aid,jdbcType=INTEGER}
  </select>
    <select id="adminLogin"  resultMap="BaseResultMap">
    select 
    <include refid="Base_Column_List" />
    from admin_info
    where admin_num = #{adminNum} and admin_pwd = #{adminPwd}
  </select>
  
  
  <delete id="deleteByPrimaryKey" parameterType="java.lang.Integer">
    delete from admin_info
    where aid = #{aid,jdbcType=INTEGER}
  </delete>
  <insert id="insert" parameterType="cn.test.bookms.entity.AdminInfo">
    insert into admin_info (aid, admin_num, admin_name, 
      admin_pwd, email, sex, 
      age, idcard, head_img, 
      is_super, note, is_work
      )
    values (#{aid,jdbcType=INTEGER}, #{adminNum,jdbcType=VARCHAR}, #{adminName,jdbcType=VARCHAR}, 
      #{adminPwd,jdbcType=VARCHAR}, #{email,jdbcType=VARCHAR}, #{sex,jdbcType=VARCHAR}, 
      #{age,jdbcType=INTEGER}, #{idcard,jdbcType=VARCHAR}, #{headImg,jdbcType=VARCHAR}, 
      #{isSuper,jdbcType=INTEGER}, #{note,jdbcType=VARCHAR}, #{isWork,jdbcType=INTEGER}
      )
  </insert>
  <insert id="insertSelective" parameterType="cn.test.bookms.entity.AdminInfo">
    insert into admin_info
    <trim prefix="(" suffix=")" suffixOverrides=",">
      <if test="aid != null">
        aid,
      </if>
      <if test="adminNum != null">
        admin_num,
      </if>
      <if test="adminName != null">
        admin_name,
      </if>
      <if test="adminPwd != null">
        admin_pwd,
      </if>
      <if test="email != null">
        email,
      </if>
      <if test="sex != null">
        sex,
      </if>
      <if test="age != null">
        age,
      </if>
      <if test="idcard != null">
        idcard,
      </if>
      <if test="headImg != null">
        head_img,
      </if>
      <if test="isSuper != null">
        is_super,
      </if>
      <if test="note != null">
        note,
      </if>
      <if test="isWork != null">
        is_work,
      </if>
    </trim>
    <trim prefix="values (" suffix=")" suffixOverrides=",">
      <if test="aid != null">
        #{aid,jdbcType=INTEGER},
      </if>
      <if test="adminNum != null">
        #{adminNum,jdbcType=VARCHAR},
      </if>
      <if test="adminName != null">
        #{adminName,jdbcType=VARCHAR},
      </if>
      <if test="adminPwd != null">
        #{adminPwd,jdbcType=VARCHAR},
      </if>
      <if test="email != null">
        #{email,jdbcType=VARCHAR},
      </if>
      <if test="sex != null">
        #{sex,jdbcType=VARCHAR},
      </if>
      <if test="age != null">
        #{age,jdbcType=INTEGER},
      </if>
      <if test="idcard != null">
        #{idcard,jdbcType=VARCHAR},
      </if>
      <if test="headImg != null">
        #{headImg,jdbcType=VARCHAR},
      </if>
      <if test="isSuper != null">
        #{isSuper,jdbcType=INTEGER},
      </if>
      <if test="note != null">
        #{note,jdbcType=VARCHAR},
      </if>
      <if test="isWork != null">
        #{isWork,jdbcType=INTEGER},
      </if>
    </trim>
  </insert>
  <update id="updateByPrimaryKeySelective" parameterType="cn.test.bookms.entity.AdminInfo">
    update admin_info
    <set>
      <if test="adminNum != null">
        admin_num = #{adminNum,jdbcType=VARCHAR},
      </if>
      <if test="adminName != null">
        admin_name = #{adminName,jdbcType=VARCHAR},
      </if>
      <if test="adminPwd != null">
        admin_pwd = #{adminPwd,jdbcType=VARCHAR},
      </if>
      <if test="email != null">
        email = #{email,jdbcType=VARCHAR},
      </if>
      <if test="sex != null">
        sex = #{sex,jdbcType=VARCHAR},
      </if>
      <if test="age != null">
        age = #{age,jdbcType=INTEGER},
      </if>
      <if test="idcard != null">
        idcard = #{idcard,jdbcType=VARCHAR},
      </if>
      <if test="headImg != null">
        head_img = #{headImg,jdbcType=VARCHAR},
      </if>
      <if test="isSuper != null">
        is_super = #{isSuper,jdbcType=INTEGER},
      </if>
      <if test="note != null">
        note = #{note,jdbcType=VARCHAR},
      </if>
      <if test="isWork != null">
        is_work = #{isWork,jdbcType=INTEGER},
      </if>
    </set>
    where aid = #{aid,jdbcType=INTEGER}
  </update>
  <update id="updateByPrimaryKey" parameterType="cn.test.bookms.entity.AdminInfo">
    update admin_info
    set admin_num = #{adminNum,jdbcType=VARCHAR},
      admin_name = #{adminName,jdbcType=VARCHAR},
      admin_pwd = #{adminPwd,jdbcType=VARCHAR},
      email = #{email,jdbcType=VARCHAR},
      sex = #{sex,jdbcType=VARCHAR},
      age = #{age,jdbcType=INTEGER},
      idcard = #{idcard,jdbcType=VARCHAR},
      head_img = #{headImg,jdbcType=VARCHAR},
      is_super = #{isSuper,jdbcType=INTEGER},
      note = #{note,jdbcType=VARCHAR},
      is_work = #{isWork,jdbcType=INTEGER}
    where aid = #{aid,jdbcType=INTEGER}
  </update>
</mapper>