<?xml version="1.0" encoding="UTF-8"?>
<!DOCTYPE mapper PUBLIC "-//mybatis.org//DTD Mapper 3.0//EN" "http://mybatis.org/dtd/mybatis-3-mapper.dtd">
<mapper namespace="cn.test.bookms.mapper.BookTypeMapper">
  <resultMap id="BaseResultMap" type="cn.test.bookms.entity.BookType">
    <id column="id" jdbcType="INTEGER" property="id" />
    <result column="tname" jdbcType="VARCHAR" property="tname" />
  </resultMap>
  <sql id="Base_Column_List">
    id, tname
  </sql>
  <select id="selectByPrimaryKey" parameterType="java.lang.Integer" resultMap="BaseResultMap">
    select 
    <include refid="Base_Column_List" />
    from book_type
    where id = #{id,jdbcType=INTEGER}
  </select>
  <select id="selectAll" resultMap="BaseResultMap">
		select
		<include refid="Base_Column_List" />
		from book_type
	</select>
  
  <delete id="deleteByPrimaryKey" parameterType="java.lang.Integer">
    delete from book_type
    where id = #{id,jdbcType=INTEGER}
  </delete>
  <insert id="insert" parameterType="cn.test.bookms.entity.BookType">
    insert into book_type (id, tname)
    values (#{id,jdbcType=INTEGER}, #{tname,jdbcType=VARCHAR})
  </insert>
  <insert id="insertSelective" parameterType="cn.test.bookms.entity.BookType">
    insert into book_type
    <trim prefix="(" suffix=")" suffixOverrides=",">
      <if test="id != null">
        id,
      </if>
      <if test="tname != null">
        tname,
      </if>
    </trim>
    <trim prefix="values (" suffix=")" suffixOverrides=",">
      <if test="id != null">
        #{id,jdbcType=INTEGER},
      </if>
      <if test="tname != null">
        #{tname,jdbcType=VARCHAR},
      </if>
    </trim>
  </insert>
  <update id="updateByPrimaryKeySelective" parameterType="cn.test.bookms.entity.BookType">
    update book_type
    <set>
      <if test="tname != null">
        tname = #{tname,jdbcType=VARCHAR},
      </if>
    </set>
    where id = #{id,jdbcType=INTEGER}
  </update>
  <update id="updateByPrimaryKey" parameterType="cn.test.bookms.entity.BookType">
    update book_type
    set tname = #{tname,jdbcType=VARCHAR}
    where id = #{id,jdbcType=INTEGER}
  </update>
</mapper>